{
    "model": "/home/team18/Documents/pleasework/oak-examples/gen2-yolo/device-decoding/AugmentedModel/best_aug_openvino_2021.4_6shave.blob",

    "nn_config": {
        "output_format": "detection",
        "NN_family": "YOLO",
        "input_size": "640x640",
        "NN_specific_metadata": {
            "classes": 5,
            "coordinates": 4,
            "anchors": [
                6.78515625,
                6.68359375,
                19.625,
                19.71875,
                31.203125,
                31.34375,
                41.8125,
                41.375,
                35.0625,
                56.40625,
                54.9375,
                54.96875,
                73.0625,
                71.5,
                183.75,
                174.125,
                292.0,
                253.875
            ],
            "anchor_masks": {
                "side80": [
                    0,
                    1,
                    2
                ],
                "side40": [
                    3,
                    4,
                    5
                ],
                "side20": [
                    6,
                    7,
                    8
                ]
            },
            "iou_threshold": 0.5,
            "confidence_threshold": 0.5
        }
    },
    "mappings": {
        "labels": [
            "AurcoMarker",
            "Base",
            "ClosedValve",
            "OpenValve",
            "Tip"
        ]
    },
    "version": 1
}
